Grundform Verb,,Präsens alanyi,,,,,,Präsens targyas,,,,,,Vergangenheit alanyi ,,,,,,Vergangenheit targyas,,,,,,Zukunft alanyi,,,,,,Zukunft targyas,,,,,
,Übersetzung,én,te ,ő/ön,mi,ti,ők,én,te ,ő/ön,mi,ti,ők,én,te ,ő/ön,mi,ti,ők,én,te ,ő/ön,mi,ti,ők,én,te ,ő/ön,mi,ti,ők,én,te ,ő/ön,mi,ti,ők
lenni,sein,vagyok,vagy,van,vagyunk,vagytok,vannak,voltam,voltál,volt,voltunk,voltatok,voltak,lennék,lennél,lenne,lennénk,lennétek,lennének,lettem volna,lettél volna,lett volna,lettünk volna,lettetek volna,lettek volna,,,,,,,,,,,,
tudni,können / wissen,tudok,tudsz,tud,tudunk,tudtok,tudnak,tudom,tudod,tudja,tudjuk,tudjátok,tudják,tudtam,tudtál,tudott,tudtunk,tudtatok,tudtak,tudtam,tudtad,tudta,tudtuk,tudtátok,tudták,fogok tudni,fogsz tudni,fog tudni,fogunk tudni,fogtok tudni,fognak tudni,fogom tudni,fogod tudni,fogja tudni,fogjuk tudni,fogjátok tudni,fogják tudni
mondani,sagen ,mondok,mondasz,mond,mondunk,mondotok,mondanak,mondom,mondod,mondja,mondjuk,mondjátok,mondják,mondtam,mondtál,mondott,mondtunk,mondtatok,mondtak,mondtam,mondtad,mondta,mondtuk,mondtátok,mondták,fogok mondani,fogsz mondani,fog mondani,fogunk mondani,fogtok mondani,fognak mondani,fogom mondani,fogod mondani,fogja mondani,fogjuk mondani,fogjátok mondani,fogják mondani
csinálni,machen,csinálok,csinálsz,csinál,csinálunk,csináltok,csinálnak,csinálom,csinálod,csinálja,csináljuk,csináljátok,csinálják,csináltam,csináltál,csinált,csináltunk,csináltatok,csináltak,csináltam,csináltad,csinálta,csináltuk,csináltátok,csinálták,fogok csinálni,fogsz csinálni,fog csinálni,fogunk csinálni,fogtok csinálni,fognak csinálni,fogom csinálni,fogod csinálni,fogja csinálni,fogjuk csinálni,fogjátok csinálni,fogják csinálni
adni,geben,adok,adsz,ad,adunk,adtok,adnak,adom,adod,adja,adjuk,adjátok,adják,adtam,adtál,adott,adtunk,adtatok,adtak,adtam,adtad,adta,adtuk,adtátok,adták,fogok adni,fogsz adni,fog adni,fogunk adni,fogtok adni,fognak adni,fogom adni,fogod adni,fogja adni,fogjuk adni,fogjátok adni,fogják adni
jönni,kommen,jövök,jössz,jön,jövünk,jöttök,jönnek,jöttem,jöttél,jött,jöttünk,jöttetek,jöttek,jönnék,jönnél,jönne,jönnénk,jönnétek,jönnének,jöttem volna,jöttél volna,jött volna,jöttünk volna,jöttetek volna,jöttek volna,,,,,,,,,,,,
akarni,wollen,akarok,akarsz,akar,akarunk,akartok,akarnak,akarom,akarod,akarja,akarjuk,akarjátok,akarják,akartam,akartál,akart,akartunk,akartatok,akartak,akartam,akartad,akarta,akartuk,akartátok,akarták,fogok akarni,fogsz akarni,fog akarni,fogunk akarni,fogtok akarni,fognak akarni,fogom akarni,fogod akarni,fogja akarni,fogjuk akarni,fogjátok akarni,fogják akarni
menni,gehen ,megyek,mész,megy,megyünk,mentek,mennek,mentem,mentél,ment,mentünk,mentetek,mentek,mennék,mennél,menne,mennénk,mennétek,mennének,mentem volna,mentél volna,ment volna,mentünk volna,mentetek volna,mentek volna,,,,,,,,,,,,
látni,sehen,látok,látsz,lát,látunk,láttok,látnak,látom,látod,látja,látjuk,látjátok,látják,láttam,láttál,látott,láttunk,láttatok,láttak,láttam,láttad,látta,láttuk,láttátok,látták,fogok látni,fogsz látni,fog látni,fogunk látni,fogtok látni,fognak látni,fogom látni,fogod látni,fogja látni,fogjuk látni,fogjátok látni,fogják látni
hagyni,lassen,hagyok,hagysz,hagy,hagyunk,hagytok,hagynak,hagyom,hagyod,hagyja,hagyjuk,hagyjátok,hagyják,hagytam,hagytál,hagyott,hagytunk,hagytatok,hagytak,hagytam,hagytad,hagyta,hagytuk,hagytátok,hagyták,fogok hagyni,fogsz hagyni,fog hagyni,fogunk hagyni,fogtok hagyni,fognak hagyni,fogom hagyni,fogod hagyni,fogja hagyni,fogjuk hagyni,fogjátok hagyni,fogják hagyni
állni,stehen,állok,állsz,áll,állunk,álltok,állnak,állom,állod,állja,álljuk,álljátok,állják,álltam,álltál,állt,álltunk,álltatok,álltak,álltam,álltad,állta,álltuk,álltátok,állták,fogok állni,fogsz állni,fog állni,fogunk állni,fogtok állni,fognak állni,fogom állni,fogod állni,fogja állni,fogjuk állni,fogjátok állni,fogják állni
tálalni,finden,tálalok,tálalsz,tálal,tálalunk,tálaltok,tálalnak,tálalom,tálalod,tálalja,tálaljuk,tálaljátok,tálalják,tálaltam,tálaltál,tálalt,tálaltunk,tálaltatok,tálaltak,tálaltam,tálaltad,tálalta,tálaltuk,tálaltátok,tálalták,fogok tálalni,fogsz tálalni,fog tálalni,fogunk tálalni,fogtok tálalni,fognak tálalni,fogom tálalni,fogod tálalni,fogja tálalni,fogjuk tálalni,fogjátok tálalni,fogják tálalni
maradni,bleiben,maradok,maradsz,marad,maradunk,maradtok,maradnak,maradtam,maradtál,maradt,maradtunk,maradtatok,maradtak,maradnék,maradnál,maradna,maradnánk,maradnátok,maradnának,maradtam volna,maradtál volna,maradt volna,maradtunk volna,maradtatok volna,maradtak volna,,,,,,,,,,,,
feküdni,liegen,fekszem,fekszel,fekszik,fekszünk,fekszetek,fekszenek,feküdtem,feküdtél,feküdt,feküdtünk,feküdtetek,feküdtek,feküdnék,feküdnél,feküdne,feküdnénk,feküdnétek,feküdnének,feküdtem volna,feküdtél volna,feküdt volna,feküdtünk volna,feküdtetek volna,feküdtek volna,,,,,,,,,,,,
gondolni,denken,gondolok,gondolsz,gondol,gondolunk,gondoltok,gondolnak,gondolom,gondolod,gondolja,gondoljuk,gondoljátok,gondolják,gondoltam,gondoltál,gondolt,gondoltunk,gondoltatok,gondoltak,gondoltam,gondoltad,gondolta,gondoltuk,gondoltátok,gondolták,fogok gondolni,fogsz gondolni,fog gondolni,fogunk gondolni,fogtok gondolni,fognak gondolni,fogom gondolni,fogod gondolni,fogja gondolni,fogjuk gondolni,fogjátok gondolni,fogják gondolni
venni,nehmen,veszek,veszel,vesz,veszünk,vesztek,vesznek,veszem,veszed,veszi,vesszük,veszitek,veszik,vettem,vettél,vett,vettünk,vettetek,vettek,vettem,vetted,vette,vettük,vettétek,vették,fogok venni,fogsz venni,fog venni,fogunk venni,fogtok venni,fognak venni,fogom venni,fogod venni,fogja venni,fogjuk venni,fogjátok venni,fogják venni
tenni,tun,teszek,teszel,tesz,teszünk,tesztek,tesznek,teszem,teszed,teszi,tesszük,teszitek,teszik,tettem,tettél,tett,tettünk,tettetek,tettek,tettem,tetted,tette,tettük,tettétek,tették,fogok tenni,fogsz tenni,fog tenni,fogunk tenni,fogtok tenni,fognak tenni,fogom tenni,fogod tenni,fogja tenni,fogjuk tenni,fogjátok tenni,fogják tenni
tehetni,dürfen,tehetek,tehetsz,tehet,tehetünk,tehettek,tehetnek,tehetem,teheted,teheti,tehetjük,tehetitek,tehetik,tehettem,tehettél,tehetett,tehettünk,tehettetek,tehettek,tehettem,tehetted,tehette,tehettük,tehettétek,tehették,fogok tegezni,fogsz tegezni,fog tegezni,fogunk tegezni,fogtok tegezni,fognak tegezni,fogom tegezni,fogod tegezni,fogja tegezni,fogjuk tegezni,fogjátok tegezni,fogják tegezni
hinni,glauben,hiszek,hiszel,hisz,hiszünk,hisztek,hisznek,hiszem,hiszed,hiszi,hisszük,hiszitek,hiszik,hittem,hittél,hitt,hittünk,hittetek,hittek,hittem,hitted,hitte,hittük,hittétek,hitték,fogok hinni,fogsz hinni,fog hinni,fogunk hinni,fogtok hinni,fognak hinni,fogom hinni,fogod hinni,fogja hinni,fogjuk hinni,fogjátok hinni,fogják hinni
tartani,halten,tartok,tartasz,tart,tartunk,tartotok,tartanak,tartom,tartod,tartja,tartjuk,tartjátok,tartják,tartottam,tartottál,tartott,tartottunk,tartottatok,tartottak,tartottam,tartottad,tartotta,tartottuk,tartottátok,tartották,fogok tartani,fogsz tartani,fog tartani,fogunk tartani,fogtok tartani,fognak tartani,fogom tartani,fogod tartani,fogja tartani,fogjuk tartani,fogjátok tartani,fogják tartani
nevezni,nennen,nevezek,nevezel,nevez,nevezünk,neveztek,neveznek,nevezem,nevezed,nevezi,nevezzük,nevezitek,nevezik,neveztem,neveztél,nevezett,neveztünk,neveztetek,neveztek,neveztem,nevezted,nevezte,neveztük,neveztétek,nevezték,fogok nevezni,fogsz nevezni,fog nevezni,fogunk nevezni,fogtok nevezni,fognak nevezni,fogom nevezni,fogod nevezni,fogja nevezni,fogjuk nevezni,fogjátok nevezni,fogják nevezni
kedvelni,mögen,kedvelek,kedvelsz,kedvel,kedvelünk,kedveltek,kedvelnek,kedvelem,kedveled,kedveli,kedveljük,kedvelitek,kedvelik,kedveltem,kedveltél,kedvelt,kedveltünk,kedveltetek,kedveltek,kedveltem,kedvelted,kedvelte,kedveltük,kedveltétek,kedvelték,fogok kedvelni,fogsz kedvelni,fog kedvelni,fogunk kedvelni,fogtok kedvelni,fognak kedvelni,fogom kedvelni,fogod kedvelni,fogja kedvelni,fogjuk kedvelni,fogjátok kedvelni,fogják kedvelni
mutatni,zeigen,mutatok,mutatsz,mutat,mutatunk,mutattok,mutatnak,mutatom,mutatod,mutatja,mutatjuk,mutatjátok,mutatják,mutattam,mutattál,mutatott,mutattunk,mutattatok,mutattak,mutattam,mutattad,mutatta,mutattuk,mutattátok,mutatták,fogok mutatni,fogsz mutatni,fog mutatni,fogunk mutatni,fogtok mutatni,fognak mutatni,fogom mutatni,fogod mutatni,fogja mutatni,fogjuk mutatni,fogjátok mutatni,fogják mutatni
vezetni,führen,vezetek,vezetsz,vezet,vezetünk,vezettek,vezetnek,vezetem,vezeted,vezeti,vezetjük,vezetitek,vezetik,vezettem,vezettél,vezetett,vezettünk,vezettetek,vezettek,vezettem,vezetted,vezette,vezettük,vezettétek,vezették,fogok vezetni,fogsz vezetni,fog vezetni,fogunk vezetni,fogtok vezetni,fognak vezetni,fogom vezetni,fogod vezetni,fogja vezetni,fogjuk vezetni,fogjátok vezetni,fogják vezetni
beszélni,sprechen,beszélek,beszélsz,beszél,beszélünk,beszéltek,beszélnek,beszélem,beszéled,beszéli,beszéljük,beszélitek,beszélik,beszéltem,beszéltél,beszélt,beszéltünk,beszéltetek,beszéltek,beszéltem,beszélted,beszélte,beszéltük,beszéltétek,beszélték,fogok beszélni,fogsz beszélni,fog beszélni,fogunk beszélni,fogtok beszélni,fognak beszélni,fogom beszélni,fogod beszélni,fogja beszélni,fogjuk beszélni,fogjátok beszélni,fogják beszélni
hozni,bringen,hozok,hozol,hoz,hozunk,hoztok,hoznak,hozom,hozod,hozza,hozzuk,hozzátok,hozzák,hoztam,hoztál,hozott,hoztunk,hoztatok,hoztak,hoztam,hoztad,hozta,hoztuk,hoztátok,hozták,fogok hozni,fogsz hozni,fog hozni,fogunk hozni,fogtok hozni,fognak hozni,fogom hozni,fogod hozni,fogja hozni,fogjuk hozni,fogjátok hozni,fogják hozni
élni,leben,élek,élsz,él,élünk,éltek,élnek,élem,éled,éli,éljük,élitek,élik,éltem,éltél,élt,éltünk,éltetek,éltek,éltem,élted,élte,éltük,éltétek,élték,fogok élni,fogsz élni,fog élni,fogunk élni,fogtok élni,fognak élni,fogom élni,fogod élni,fogja élni,fogjuk élni,fogjátok élni,fogják élni
utazni,fahren,utazom,utazol,utazik,utazunk,utaztok,utaznak,utaztam,utaztál,utazott,utaztunk,utaztatok,utaztak,utaznék,utaznál,utazna,utaznánk,utaznátok,utaznának,utaztam volna,utaztál volna,utazott volna,utaztunk volna,utaztatok volna,utaztak volna,,,,,,,,,,,,
menni,fahren,megyek,mész,megy,megyünk,mentek,mennek,mentem,mentél,ment,mentünk,mentetek,mentek,mennék,mennél,menne,mennénk,mennétek,mennének,mentem volna,mentél volna,ment volna,mentünk volna,mentetek volna,mentek volna,,,,,,,,,,,,
vélni,meinen,vélek,vélsz,vél,vélünk,véltek,vélnek,vélem,véled,véli,véljük,vélitek,vélik,véltem,véltél,vélt,véltünk,véltetek,véltek,véltem,vélted,vélte,véltük,véltétek,vélték,fogok vélni,fogsz vélni,fog vélni,fogunk vélni,fogtok vélni,fognak vélni,fogom vélni,fogod vélni,fogja vélni,fogjuk vélni,fogjátok vélni,fogják vélni
kérdezni,fragen,kérdezek,kérdezel,kérdez,kérdezünk,kérdeztek,kérdeznek,kérdezem,kérdezed,kérdezi,kérdezzük,kérdezitek,kérdezik,kérdeztem,kérdeztél,kérdezett,kérdeztünk,kérdeztetek,kérdeztek,kérdeztem,kérdezted,kérdezte,kérdeztük,kérdeztétek,kérdezték,fogok kérdezni,fogsz kérdezni,fog kérdezni,fogunk kérdezni,fogtok kérdezni,fognak kérdezni,fogom kérdezni,fogod kérdezni,fogja kérdezni,fogjuk kérdezni,fogjátok kérdezni,fogják kérdezni
ismerni,kennen,ismerek,ismersz,ismer,ismerünk,ismertek,ismernek,ismerem,ismered,ismeri,ismerjük,ismeritek,ismerik,ismertem,ismertél,ismert,ismertünk,ismertetek,ismertek,ismertem,ismerted,ismerte,ismertük,ismertétek,ismerték,fogok ismerni,fogsz ismerni,fog ismerni,fogunk ismerni,fogtok ismerni,fognak ismerni,fogom ismerni,fogod ismerni,fogja ismerni,fogjuk ismerni,fogjátok ismerni,fogják ismerni
aludni,schlafen,alszom,alszol,alszik,alszunk,alszotok,alszanak,aludtam,aludtál,aludt,aludtunk,aludtatok,aludtak,aludnék,aludnál,aludna,aludnánk,aludnátok,aludnának,aludtam volna,aludtál volna,aludt volna,aludtunk volna,aludtatok volna,aludtak volna,,,,,,,,,,,,
vásárolni,kaufen,vásárlok,vásárolsz,vásárol,vásárlunk,vásároltok,vásárolnak,vásárlom,vásárlod,vásárolja,vásároljuk,vásároljátok,vásárolják,vásároltam,vásároltál,vásárolt,vásároltunk,vásároltatok,vásároltak,vásároltam,vásároltad,vásárolta,vásároltuk,vásároltátok,vásárolták,fogok vásárolni,fogsz vásárolni,fog vásárolni,fogunk vásárolni,fogtok vásárolni,fognak vásárolni,fogom vásárolni,fogod vásárolni,fogja vásárolni,fogjuk vásárolni,fogjátok vásárolni,fogják vásárolni
megvenni,kaufen,megveszek,megveszel,megvesz,megveszünk,megvesztek,megvesznek,megveszem,megveszed,megveszi,megvesszük,megveszitek,megveszik,megvettem,megvettél,megvett,megvettünk,megvettetek,megvettek,megvettem,megvetted,megvette,megvettük,megvettétek,megvették,fogok megvenni,fogsz megvenni,fog megvenni,fogunk megvenni,fogtok megvenni,fognak megvenni,fogom megvenni,fogod megvenni,fogja megvenni,fogjuk megvenni,fogjátok megvenni,fogják megvenni
játszani,spielen,játszom,játszol,játszik,játszunk,játszotok,játszanak,játszom,játszod,játssza,játsszuk,játsszátok,játsszák,játszottam,játszottál,játszott,játszottunk,játszottatok,játszottak,játszottam,játszottad,játszotta,játszottuk,játszottátok,játszották,fogok játszani,fogsz játszani,fog játszani,fogunk játszani,fogtok játszani,fognak játszani,fogom játszani,fogod játszani,fogja játszani,fogjuk játszani,fogjátok játszani,fogják játszani
dolgozni,arbeiten,dolgozom,dolgozol,dolgozik,dolgozunk,dolgoztok,dolgoznak,dolgozom,dolgozod,dolgozza,dolgozzuk,dolgozzátok,dolgozzák,dolgoztam,dolgoztál,dolgozott,dolgoztunk,dolgoztatok,dolgoztak,dolgoztam,dolgoztad,dolgozta,dolgoztuk,dolgoztátok,dolgozták,fogok dolgozni,fogsz dolgozni,fog dolgozni,fogunk dolgozni,fogtok dolgozni,fognak dolgozni,fogom dolgozni,fogod dolgozni,fogja dolgozni,fogjuk dolgozni,fogjátok dolgozni,fogják dolgozni
igényelni,brauchen,igénylek,igényelsz,igényel,igénylünk,igényeltek,igényelnek,igénylem,igényled,igényli,igényeljük,igénylitek,igénylik,igényeltem,igényeltél,igényelt,igényeltünk,igényeltetek,igényeltek,igényeltem,igényelted,igényelte,igényeltük,igényeltétek,igényelték,fogok igényelni,fogsz igényelni,fog igényelni,fogunk igényelni,fogtok igényelni,fognak igényelni,fogom igényelni,fogod igényelni,fogja igényelni,fogjuk igényelni,fogjátok igényelni,fogják igényelni
követni + Akkusativ,folgen,követek,követsz,követ,követünk,követtek,követnek,követem,követed,követi,követjük,követitek,követik,követtem,követtél,követett,követtünk,követtetek,követtek,követtem,követted,követte,követtük,követtétek,követték,fogok követni,fogsz követni,fog követni,fogunk követni,fogtok követni,fognak követni,fogom követni,fogod követni,fogja követni,fogjuk követni,fogjátok követni,fogják követni
tanulni,lernen,tanulok,tanulsz,tanul,tanulunk,tanultok,tanulnak,tanulom,tanulod,tanulja,tanuljuk,tanuljátok,tanulják,tanultam,tanultál,tanult,tanultunk,tanultatok,tanultak,tanultam,tanultad,tanulta,tanultuk,tanultátok,tanulták,fogok tanulni,fogsz tanulni,fog tanulni,fogunk tanulni,fogtok tanulni,fognak tanulni,fogom tanulni,fogod tanulni,fogja tanulni,fogjuk tanulni,fogjátok tanulni,fogják tanulni
eladni,verkaufen,eladok,eladsz,elad,eladunk,eladtok,eladnak,eladom,eladod,eladja,eladjuk,eladjátok,eladják,eladtam,eladtál,eladott,eladtunk,eladtatok,eladtak,eladtam,eladtad,eladta,eladtuk,eladtátok,eladták,fogok eladni,fogsz eladni,fog eladni,fogunk eladni,fogtok eladni,fognak eladni,fogom eladni,fogod eladni,fogja eladni,fogjuk eladni,fogjátok eladni,fogják eladni
érteni,verstehen,értek,értesz,ért,értünk,értetek,értenek,értem,érted,érti,értjük,értitek,értik,értettem,értettél,értett,értettünk,értettetek,értettek,értettem,értetted,értette,értettük,értettétek,értették,fogok érteni,fogsz érteni,fog érteni,fogunk érteni,fogtok érteni,fognak érteni,fogom érteni,fogod érteni,fogja érteni,fogjuk érteni,fogjátok érteni,fogják érteni
enni,essen,eszem,eszel,eszik,eszünk,esztek,esznek,eszem,eszed,eszi,esszük,eszitek,eszik,ettem,ettél,evett,ettünk,ettetek,ettek,ettem,etted,ette,ettük,ettétek,ették,fogok enni,fogsz enni,fog enni,fogunk enni,fogtok enni,fognak enni,fogom enni,fogod enni,fogja enni,fogjuk enni,fogjátok enni,fogják enni
kapni,bekommen,kapok,kapsz,kap,kapunk,kaptok,kapnak,kapom,kapod,kapja,kapjuk,kapjátok,kapják,kaptam,kaptál,kapott,kaptunk,kaptatok,kaptak,kaptam,kaptad,kapta,kaptuk,kaptátok,kapták,fogok kapni,fogsz kapni,fog kapni,fogunk kapni,fogtok kapni,fognak kapni,fogom kapni,fogod kapni,fogja kapni,fogjuk kapni,fogjátok kapni,fogják kapni
kezdődni,beginnen,kezdődöm,kezdődsz,kezdődik,kezdődünk,kezdődtök,kezdődnek,kezdődtem,kezdődtél,kezdődött,kezdődtünk,kezdődtetek,kezdődtek,kezdődnék,kezdődnél,kezdődne,kezdődnénk,kezdődnétek,kezdődnének,kezdődtem volna,kezdődtél volna,kezdődött volna,kezdődtünk volna,kezdődtetek volna,kezdődtek volna,,,,,,,,,,,,
mesélni,erzählen,mesélek,mesélsz,mesél,mesélünk,meséltek,mesélnek,mesélem,meséled,meséli,meséljük,mesélitek,mesélik,meséltem,meséltél,mesélt,meséltünk,meséltetek,meséltek,meséltem,mesélted,mesélte,meséltük,meséltétek,mesélték,fogok mesélni,fogsz mesélni,fog mesélni,fogunk mesélni,fogtok mesélni,fognak mesélni,fogom mesélni,fogod mesélni,fogja mesélni,fogjuk mesélni,fogjátok mesélni,fogják mesélni
próbálni,versuchen,próbálok,próbálsz,próbál,próbálunk,próbáltok,próbálnak,próbálom,próbálod,próbálja,próbáljuk,próbáljátok,próbálják,próbáltam,próbáltál,próbált,próbáltunk,próbáltatok,próbáltak,próbáltam,próbáltad,próbálta,próbáltuk,próbáltátok,próbálták,fogok próbálni,fogsz próbálni,fog próbálni,fogunk próbálni,fogtok próbálni,fognak próbálni,fogom próbálni,fogod próbálni,fogja próbálni,fogjuk próbálni,fogjátok próbálni,fogják próbálni
írni,schreiben,írok,írsz,ír,írunk,írtok,írnak,írom,írod,írja,írjuk,írjátok,írják,írtam,írtál,írt,írtunk,írtatok,írtak,írtam,írtad,írta,írtuk,írtátok,írták,fogok írni,fogsz írni,fog írni,fogunk írni,fogtok írni,fognak írni,fogom írni,fogod írni,fogja írni,fogjuk írni,fogjátok írni,fogják írni
futni,laufen,futok,futsz,fut,futunk,futtok,futnak,futom,futod,futja,futjuk,futjátok,futják,futottam,futottál,futott,futottunk,futottatok,futottak,futottam,futottad,futotta,futottuk,futottátok,futották,fogok futni,fogsz futni,fog futni,fogunk futni,fogtok futni,fognak futni,fogom futni,fogod futni,fogja futni,fogjuk futni,fogjátok futni,fogják futni
magyarázni,erklären,magyarázok,magyarázol,magyaráz,magyarázunk,magyaráztok,magyaráznak,magyarázom,magyarázod,magyarázza,magyarázzuk,magyarázzátok,magyarázzák,magyaráztam,magyaráztál,magyarázott,magyaráztunk,magyaráztatok,magyaráztak,magyaráztam,magyaráztad,magyarázta,magyaráztuk,magyaráztátok,magyarázták,fogok magyarázni,fogsz magyarázni,fog magyarázni,fogunk magyarázni,fogtok magyarázni,fognak magyarázni,fogom magyarázni,fogod magyarázni,fogja magyarázni,fogjuk magyarázni,fogjátok magyarázni,fogják magyarázni
megfelelni,entsprechen,megfelelek,megfelelsz,megfelel,megfelelünk,megfeleltek,megfelelnek,megfeleltem,megfeleltél,megfelelt,megfeleltünk,megfeleltetek,megfeleltek,megfelelnék,megfelelnél,megfelelne,megfelelnénk,megfelelnétek,megfelelnének,megfeleltem volna,megfeleltél volna,megfelelt volna,megfeleltünk volna,megfeleltetek volna,megfeleltek volna,,,,,,,,,,,,
ülni,sitzen,ülök,ülsz,ül,ülünk,ültök,ülnek,ülöm,ülöd,üli,üljük,ülitek,ülik,ültem,ültél,ült,ültünk,ültetek,ültek,ültem,ülted,ülte,ültük,ültétek,ülték,fogok ülni,fogsz ülni,fog ülni,fogunk ülni,fogtok ülni,fognak ülni,fogom ülni,fogod ülni,fogja ülni,fogjuk ülni,fogjátok ülni,fogják ülni
húzni,ziehen,húzok,húzol,húz,húzunk,húztok,húznak,húzom,húzod,húzza,húzzuk,húzzátok,húzzák,húztam,húztál,húzott,húztunk,húztatok,húztak,húztam,húztad,húzta,húztuk,húztátok,húzták,fogok húzni,fogsz húzni,fog húzni,fogunk húzni,fogtok húzni,fognak húzni,fogom húzni,fogod húzni,fogja húzni,fogjuk húzni,fogjátok húzni,fogják húzni
tűnni,scheinen,tűnök,tűnsz,tűnik,tűnünk,tűntök,tűnnek,tűntem,tűntél,tűnt,tűntünk,tűntetek,tűntek,tűnnék,tűnnél,tűnne,tűnnénk,tűnnétek,tűnnének,tűntem volna,tűntél volna,tűnt volna,tűntünk volna,tűntetek volna,tűntek volna,,,,,,,,,,,,
esni,fallen,esem,esel,esik,esünk,estek,esnek,estem,estél,esett,estünk,estetek,estek,esnék,esnél,esne,esnénk,esnétek,esnének,estem volna,estél volna,esett volna,estünk volna,estetek volna,estek volna,,,,,,,,,,,,
hullni,fallen,hullok,hullsz,hull,hullunk,hulltok,hullnak,hulltam,hulltál,hullt,hulltunk,hulltatok,hulltak,hullnék,hullnál,hullna,hullnánk,hullnátok,hullnának,hulltam volna,hulltál volna,hullt volna,hulltunk volna,hulltatok volna,hulltak volna,,,,,,,,,,,,
tartozni,gehören,tartozom,tartozol,tartozik,tartozunk,tartoztok,tartoznak,tartoztam,tartoztál,tartozott,tartoztunk,tartoztatok,tartoztak,tartoznék,tartoznál,tartozna,tartoznánk,tartoznátok,tartoznának,tartoztam volna,tartoztál volna,tartozott volna,tartoztunk volna,tartoztatok volna,tartoztak volna,,,,,,,,,,,,
keletkezni,entstehen,keletkezem,keletkezel,keletkezik,keletkezünk,keletkeztek,keletkeznek,keletkeztem,keletkeztél,keletkezett,keletkeztünk,keletkeztetek,keletkeztek,keletkeznék,keletkeznél,keletkezne,keletkeznénk,keletkeznétek,keletkeznének,keletkeztem volna,keletkeztél volna,keletkezett volna,keletkeztünk volna,keletkeztetek volna,keletkeztek volna,,,,,,,,,,,,
szagolni,riechen,szagolok,szagolsz,szagol,szagolunk,szagoltok,szagolnak,szagolom,szagolod,szagolja,szagoljuk,szagoljátok,szagolják,szagoltam,szagoltál,szagolt,szagoltunk,szagoltatok,szagoltak,szagoltam,szagoltad,szagolta,szagoltuk,szagoltátok,szagolták,fogok szagolni,fogsz szagolni,fog szagolni,fogunk szagolni,fogtok szagolni,fognak szagolni,fogom szagolni,fogod szagolni,fogja szagolni,fogjuk szagolni,fogjátok szagolni,fogják szagolni
találkozni,treffen,találkozom,találkozol,találkozik,találkozunk,találkoztok,találkoznak,találkoztam,találkoztál,találkozott,találkoztunk,találkoztatok,találkoztak,találkoznék,találkoznál,találkozna,találkoznánk,találkoznátok,találkoznának,találkoztam volna,találkoztál volna,találkozott volna,találkoztunk volna,találkoztatok volna,találkoztak volna,,,,,,,,,,,,
keresni,suchen,keresek,keresel,keres,keresünk,kerestek,keresnek,keresem,keresed,keresi,keressük,keresitek,keresik,kerestem,kerestél,keresett,kerestünk,kerestetek,kerestek,kerestem,kerested,kereste,kerestük,kerestétek,keresték,fogok keresni,fogsz keresni,fog keresni,fogunk keresni,fogtok keresni,fognak keresni,fogom keresni,fogod keresni,fogja keresni,fogjuk keresni,fogjátok keresni,fogják keresni
rakni,legen,rakok,raksz,rak,rakunk,raktok,raknak,rakom,rakod,rakja,rakjuk,rakjátok,rakják,raktam,raktál,rakott,raktunk,raktatok,raktak,raktam,raktad,rakta,raktuk,raktátok,rakták,fogok rakni,fogsz rakni,fog rakni,fogunk rakni,fogtok rakni,fognak rakni,fogom rakni,fogod rakni,fogja rakni,fogjuk rakni,fogjátok rakni,fogják rakni
bemutatni,vorstellen jdm.,bemutatok,bemutatsz,bemutat,bemutatunk,bemutattok,bemutatnak,bemutatom,bemutatod,bemutatja,bemutatjuk,bemutatjátok,bemutatják,bemutattam,bemutattál,bemutatott,bemutattunk,bemutattatok,bemutattak,bemutattam,bemutattad,bemutatta,bemutattuk,bemutattátok,bemutatták,fogok bemutatni,fogsz bemutatni,fog bemutatni,fogunk bemutatni,fogtok bemutatni,fognak bemutatni,fogom bemutatni,fogod bemutatni,fogja bemutatni,fogjuk bemutatni,fogjátok bemutatni,fogják bemutatni
elképzelni,vorstellen sich etw.,elképzelek,elképzelsz,elképzel,elképzelünk,elképzeltek,elképzelnek,elképzelem,elképzeled,elképzeli,elképzeljük,elképzelitek,elképzelik,elképzeltem,elképzeltél,elképzelt,elképzeltünk,elképzeltetek,elképzeltek,elképzeltem,elképzelted,elképzelte,elképzeltük,elképzeltétek,elképzelték,fogok elképzelni,fogsz elképzelni,fog elképzelni,fogunk elképzelni,fogtok elképzelni,fognak elképzelni,fogom elképzelni,fogod elképzelni,fogja elképzelni,fogjuk elképzelni,fogjátok elképzelni,fogják elképzelni
cselekedni,handeln,cselekszem,cselekszel,cselekszik,cselekszünk,cselekszetek,cselekszenek,cselekszem,cselekszed,cselekszi,cselekedjük,cselekszitek,cselekszik,cselekedtem,cselekedtél,cselekedett,cselekedtünk,cselekedtetek,cselekedtek,cselekedtem,cselekedted,cselekedte,cselekedtük,cselekedtétek,cselekedték,fogok cselekedni,fogsz cselekedni,fog cselekedni,fogunk cselekedni,fogtok cselekedni,fognak cselekedni,fogom cselekedni,fogod cselekedni,fogja cselekedni,fogjuk cselekedni,fogjátok cselekedni,fogják cselekedni
elérni,erreichen,elérek,elérsz,elér,elérünk,elértek,elérnek,elérem,eléred,eléri,elérjük,eléritek,elérik,elértem,elértél,elért,elértünk,elértetek,elértek,elértem,elérted,elérte,elértük,elértétek,elérték,fogok elérni,fogsz elérni,fog elérni,fogunk elérni,fogtok elérni,fognak elérni,fogom elérni,fogod elérni,fogja elérni,fogjuk elérni,fogjátok elérni,fogják elérni
viszni,tragen,viszek,viszel,visz,viszünk,visztek,visznek,viszem,viszed,viszi,visszük,viszitek,viszik,vittem,vittél,vitt,vittünk,vittetek,vittek,vittem,vitted,vitte,vittük,vittétek,vitték,fogok vinni,fogsz vinni,fog vinni,fogunk vinni,fogtok vinni,fognak vinni,fogom vinni,fogod vinni,fogja vinni,fogjuk vinni,fogjátok vinni,fogják vinni
működni,funktionieren,működöm,működsz,működik,működünk,működtök,működnek,működtem,működtél,működött,működtünk,működtetek,működtek,működnék,működnél,működne,működnénk,működnétek,működnének,működtem volna,működtél volna,működött volna,működtünk volna,működtetek volna,működtek volna,,,,,,,,,,,,
olvasni,lesen,olvasok,olvasol,olvas,olvasunk,olvastok,olvasnak,olvasom,olvasod,olvassa,olvassuk,olvassátok,olvassák,olvastam,olvastál,olvasott,olvastunk,olvastatok,olvastak,olvastam,olvastad,olvasta,olvastuk,olvastátok,olvasták,fogok olvasni,fogsz olvasni,fog olvasni,fogunk olvasni,fogtok olvasni,fognak olvasni,fogom olvasni,fogod olvasni,fogja olvasni,fogjuk olvasni,fogjátok olvasni,fogják olvasni
elveszíteni,verlieren,elveszítek,elveszítesz,elveszít,elveszítünk,elveszítetek,elveszítenek,elveszítem,elveszíted,elveszíti,elveszítjük,elveszítitek,elveszítik,elveszítettem,elveszítettél,elveszített,elveszítettünk,elveszítettetek,elveszítettek,elveszítettem,elveszítetted,elveszítette,elveszítettük,elveszítettétek,elveszítették,fogok elveszíteni,fogsz elveszíteni,fog elveszíteni,fogunk elveszíteni,fogtok elveszíteni,fognak elveszíteni,fogom elveszíteni,fogod elveszíteni,fogja elveszíteni,fogjuk elveszíteni,fogjátok elveszíteni,fogják elveszíteni
dobni,werfen,dobok,dobsz,dob,dobunk,dobtok,dobnak,dobom,dobod,dobja,dobjuk,dobjátok,dobják,dobtam,dobtál,dobott,dobtunk,dobtatok,dobtak,dobtam,dobtad,dobta,dobtuk,dobtátok,dobták,fogok dobni,fogsz dobni,fog dobni,fogunk dobni,fogtok dobni,fognak dobni,fogom dobni,fogod dobni,fogja dobni,fogjuk dobni,fogjátok dobni,fogják dobni
felismerni,erkennen,felismerek,felismersz,felismer,felismerünk,felismertek,felismernek,felismerem,felismered,felismeri,felismerjük,felismeritek,felismerik,felismertem,felismertél,felismert,felismertünk,felismertetek,felismertek,felismertem,felismerted,felismerte,felismertük,felismertétek,felismerték,fogok felismerni,fogsz felismerni,fog felismerni,fogunk felismerni,fogtok felismerni,fognak felismerni,fogom felismerni,fogod felismerni,fogja felismerni,fogjuk felismerni,fogjátok felismerni,fogják felismerni
kérni,bitten,kérek,kérsz,kér,kérünk,kértek,kérnek,kérem,kéred,kéri,kérjük,kéritek,kérik,kértem,kértél,kért,kértünk,kértetek,kértek,kértem,kérted,kérte,kértük,kértétek,kérték,fogok kérni,fogsz kérni,fog kérni,fogunk kérni,fogtok kérni,fognak kérni,fogom kérni,fogod kérni,fogja kérni,fogjuk kérni,fogjátok kérni,fogják kérni
kinézni,aussehen,kinézek,kinézel,kinéz,kinézünk,kinéztek,kinéznek,kinézem,kinézed,kinézi,kinézzük,kinézitek,kinézik,kinéztem,kinéztél,kinézett,kinéztünk,kinéztetek,kinéztek,kinéztem,kinézted,kinézte,kinéztük,kinéztétek,kinézték,fogok kinézni,fogsz kinézni,fog kinézni,fogunk kinézni,fogtok kinézni,fognak kinézni,fogom kinézni,fogod kinézni,fogja kinézni,fogjuk kinézni,fogjátok kinézni,fogják kinézni
megjelenni,erscheinen,megjelenek,megjelensz,megjelenik,megjelenünk,megjelentek,megjelennek,megjelentem,megjelentél,megjelent,megjelentünk,megjelentetek,megjelentek,megjelennék,megjelennél,megjelenne,megjelennénk,megjelennétek,megjelennének,megjelentem volna,megjelentél volna,megjelent volna,megjelentünk volna,megjelentetek volna,megjelentek volna,,,,,,,,,,,,
készíteni,herstellen,készítek,készítesz,készít,készítünk,készítetek,készítenek,készítem,készíted,készíti,készítjük,készítitek,készítik,készítettem,készítettél,készített,készítettünk,készítettetek,készítettek,készítettem,készítetted,készítette,készítettük,készítettétek,készítették,fogok készíteni,fogsz készíteni,fog készíteni,fogunk készíteni,fogtok készíteni,fognak készíteni,fogom készíteni,fogod készíteni,fogja készíteni,fogjuk készíteni,fogjátok készíteni,fogják készíteni
elkezdeni,anfangen,elkezdek,elkezdesz,elkezd,elkezdünk,elkezdetek,elkezdenek,elkezdem,elkezded,elkezdi,elkezdjük,elkezditek,elkezdik,elkezdtem,elkezdtél,elkezdett,elkezdtünk,elkezdtetek,elkezdtek,elkezdtem,elkezdted,elkezdte,elkezdtük,elkezdtétek,elkezdték,fogok elkezdeni,fogsz elkezdeni,fog elkezdeni,fogunk elkezdeni,fogtok elkezdeni,fognak elkezdeni,fogom elkezdeni,fogod elkezdeni,fogja elkezdeni,fogjuk elkezdeni,fogjátok elkezdeni,fogják elkezdeni
várni,warten,várok,vársz,vár,várunk,vártok,várnak,várom,várod,várja,várjuk,várjátok,várják,vártam,vártál,várt,vártunk,vártatok,vártak,vártam,vártad,várta,vártuk,vártátok,várták,fogok várni,fogsz várni,fog várni,fogunk várni,fogtok várni,fognak várni,fogom várni,fogod várni,fogja várni,fogjuk várni,fogjátok várni,fogják várni
lakni,wohnen,lakom,laksz,lakik,lakunk,laktok,laknak,lakom,lakod,lakja,lakjuk,lakjátok,lakják,laktam,laktál,lakott,laktunk,laktatok,laktak,laktam,laktad,lakta,laktuk,laktátok,lakták,fogok lakni,fogsz lakni,fog lakni,fogunk lakni,fogtok lakni,fognak lakni,fogom lakni,fogod lakni,fogja lakni,fogjuk lakni,fogjátok lakni,fogják lakni
illetni,betreffen,illetek,illetsz,illet,illetünk,illettek,illetnek,illetem,illeted,illeti,illetjük,illetitek,illetik,illettem,illettél,illetett,illettünk,illettetek,illettek,illettem,illetted,illette,illettük,illettétek,illették,fogok illetni,fogsz illetni,fog illetni,fogunk illetni,fogtok illetni,fognak illetni,fogom illetni,fogod illetni,fogja illetni,fogjuk illetni,fogjátok illetni,fogják illetni
lopni,stehlen,lopok,lopsz,lop,lopunk,loptok,lopnak,lopom,lopod,lopja,lopjuk,lopjátok,lopják,loptam,loptál,lopott,loptunk,loptatok,loptak,loptam,loptad,lopta,loptuk,loptátok,lopták,fogok lopni,fogsz lopni,fog lopni,fogunk lopni,fogtok lopni,fognak lopni,fogom lopni,fogod lopni,fogja lopni,fogjuk lopni,fogjátok lopni,fogják lopni
segíteni,helfen,segítek,segítesz,segít,segítünk,segítetek,segítenek,segítem,segíted,segíti,segítjük,segítitek,segítik,segítettem,segítettél,segített,segítettünk,segítettetek,segítettek,segítettem,segítetted,segítette,segítettük,segítettétek,segítették,fogok segíteni,fogsz segíteni,fog segíteni,fogunk segíteni,fogtok segíteni,fognak segíteni,fogom segíteni,fogod segíteni,fogja segíteni,fogjuk segíteni,fogjátok segíteni,fogják segíteni
nyerni,gewinnen,nyerek,nyersz,nyer,nyerünk,nyertek,nyernek,nyerem,nyered,nyeri,nyerjük,nyeritek,nyerik,nyertem,nyertél,nyert,nyertünk,nyertetek,nyertek,nyertem,nyerted,nyerte,nyertük,nyertétek,nyerték,fogok nyerni,fogsz nyerni,fog nyerni,fogunk nyerni,fogtok nyerni,fognak nyerni,fogom nyerni,fogod nyerni,fogja nyerni,fogjuk nyerni,fogjátok nyerni,fogják nyerni
zárni,schließen,zárok,zársz,zár,zárunk,zártok,zárnak,zárom,zárod,zárja,zárjuk,zárjátok,zárják,zártam,zártál,zárt,zártunk,zártatok,zártak,zártam,zártad,zárta,zártuk,zártátok,zárták,fogok zárni,fogsz zárni,fog zárni,fogunk zárni,fogtok zárni,fognak zárni,fogom zárni,fogod zárni,fogja zárni,fogjuk zárni,fogjátok zárni,fogják zárni
érezni,fühlen,érzek,érzel,érez,érzünk,éreztek,éreznek,érzem,érzed,érzi,érezzük,érzitek,érzik,éreztem,éreztél,érzett,éreztünk,éreztetek,éreztek,éreztem,érezted,érezte,éreztük,éreztétek,érezték,fogok érezni,fogsz érezni,fog érezni,fogunk érezni,fogtok érezni,fognak érezni,fogom érezni,fogod érezni,fogja érezni,fogjuk érezni,fogjátok érezni,fogják érezni
kínálni,anbieten,kínálok,kínálsz,kínál,kínálunk,kínáltok,kínálnak,kínálom,kínálod,kínálja,kínáljuk,kínáljátok,kínálják,kínáltam,kínáltál,kínált,kínáltunk,kínáltatok,kínáltak,kínáltam,kínáltad,kínálta,kínáltuk,kínáltátok,kínálták,fogok kínálni,fogsz kínálni,fog kínálni,fogunk kínálni,fogtok kínálni,fognak kínálni,fogom kínálni,fogod kínálni,fogja kínálni,fogjuk kínálni,fogjátok kínálni,fogják kínálni
érdekelni,interessieren,érdeklek,érdekelsz,érdekel,érdeklünk,érdekeltek,érdekelnek,érdeklem,érdekled,érdekli,érdekeljük,érdeklitek,érdeklik,érdekeltem,érdekeltél,érdekelt,érdekeltünk,érdekeltetek,érdekeltek,érdekeltem,érdekelted,érdekelte,érdekeltük,érdekeltétek,érdekelték,fogok érdekelni,fogsz érdekelni,fog érdekelni,fogunk érdekelni,fogtok érdekelni,fognak érdekelni,fogom érdekelni,fogod érdekelni,fogja érdekelni,fogjuk érdekelni,fogjátok érdekelni,fogják érdekelni
válaszolni,antworten,válaszolok,válaszolsz,válaszol,válaszolunk,válaszoltok,válaszolnak,válaszolom,válaszolod,válaszolja,válaszoljuk,válaszoljátok,válaszolják,válaszoltam,válaszoltál,válaszolt,válaszoltunk,válaszoltatok,válaszoltak,válaszoltam,válaszoltad,válaszolta,válaszoltuk,válaszoltátok,válaszolták,fogok válaszolni,fogsz válaszolni,fog válaszolni,fogunk válaszolni,fogtok válaszolni,fognak válaszolni,fogom válaszolni,fogod válaszolni,fogja válaszolni,fogjuk válaszolni,fogjátok válaszolni,fogják válaszolni
felelni,antworten,felelek,felelsz,felel,felelünk,feleltek,felelnek,felelem,feleled,feleli,feleljük,felelitek,felelik,feleltem,feleltél,felelt,feleltünk,feleltetek,feleltek,feleltem,felelted,felelte,feleltük,feleltétek,felelték,fogok felelni,fogsz felelni,fog felelni,fogunk felelni,fogtok felelni,fognak felelni,fogom felelni,fogod felelni,fogja felelni,fogjuk felelni,fogjátok felelni,fogják felelni
emlékezni,erinnern sich,emlékszem,emlékszel,emlékszik,emlékszünk,emlékszetek,emlékszenek,emlékeztem,emlékeztél,emlékezett,emlékeztünk,emlékeztetek,emlékeztek,emlékeznék,emlékeznél,emlékezne,emlékeznénk,emlékeznétek,emlékeznének,emlékeztem volna,emlékeztél volna,emlékezett volna,emlékeztünk volna,emlékeztetek volna,emlékeztek volna,,,,,,,,,,,,
emlékeztetni,erinnern jmd.,emlékeztetek,emlékeztetsz,emlékeztet,emlékeztetünk,emlékeztettek,emlékeztetnek,emlékeztetem,emlékezteted,emlékezteti,emlékeztetjük,emlékeztetitek,emlékeztetik,emlékeztettem,emlékeztettél,emlékeztetett,emlékeztettünk,emlékeztettetek,emlékeztettek,emlékeztettem,emlékeztetted,emlékeztette,emlékeztettük,emlékeztettétek,emlékeztették,fogok emlékeztetni,fogsz emlékeztetni,fog emlékeztetni,fogunk emlékeztetni,fogtok emlékeztetni,fognak emlékeztetni,fogom emlékeztetni,fogod emlékeztetni,fogja emlékeztetni,fogjuk emlékeztetni,fogjátok emlékeztetni,fogják emlékeztetni
tanulni,studieren,tanulok,tanulsz,tanul,tanulunk,tanultok,tanulnak,tanulom,tanulod,tanulja,tanuljuk,tanuljátok,tanulják,tanultam,tanultál,tanult,tanultunk,tanultatok,tanultak,tanultam,tanultad,tanulta,tanultuk,tanultátok,tanulták,fogok tanulni,fogsz tanulni,fog tanulni,fogunk tanulni,fogtok tanulni,fognak tanulni,fogom tanulni,fogod tanulni,fogja tanulni,fogjuk tanulni,fogjátok tanulni,fogják tanulni
kapcsolni,verbinden,kapcsolok,kapcsolsz,kapcsol,kapcsolunk,kapcsoltok,kapcsolnak,kapcsolom,kapcsolod,kapcsolja,kapcsoljuk,kapcsoljátok,kapcsolják,kapcsoltam,kapcsoltál,kapcsolt,kapcsoltunk,kapcsoltatok,kapcsoltak,kapcsoltam,kapcsoltad,kapcsolta,kapcsoltuk,kapcsoltátok,kapcsolták,fogok kapcsolni,fogsz kapcsolni,fog kapcsolni,fogunk kapcsolni,fogtok kapcsolni,fognak kapcsolni,fogom kapcsolni,fogod kapcsolni,fogja kapcsolni,fogjuk kapcsolni,fogjátok kapcsolni,fogják kapcsolni
nézni,anschauen,nézek,nézel,néz,nézünk,néztek,néznek,nézem,nézed,nézi,nézzük,nézitek,nézik,néztem,néztél,nézett,néztünk,néztetek,néztek,néztem,nézted,nézte,néztük,néztétek,nézték,fogok nézni,fogsz nézni,fog nézni,fogunk nézni,fogtok nézni,fognak nézni,fogom nézni,fogod nézni,fogja nézni,fogjuk nézni,fogjátok nézni,fogják nézni
hiányozni,fehlen,hiányzom,hiányzol,hiányzik,hiányzunk,hiányoztok,hiányoznak,hiányoztam,hiányoztál,hiányzott,hiányoztunk,hiányoztatok,hiányoztak,hiányoznék,hiányoznál,hiányozna,hiányoznánk,hiányoznátok,hiányoznának,hiányoztam volna,hiányoztál volna,hiányzott volna,hiányoztunk volna,hiányoztatok volna,hiányoztak volna,,,,,,,,,,,,
dohányozni,rauchen,dohányzom,dohányzol,dohányzik,dohányzunk,dohányoztok,dohányoznak,dohányoztam,dohányoztál,dohányzott,dohányoztunk,dohányoztatok,dohányoztak,dohányoznék,dohányoznál,dohányozna,dohányoznánk,dohányoznátok,dohányoznának,dohányoztam volna,dohányoztál volna,dohányzott volna,dohányoztunk volna,dohányoztatok volna,dohányoztak volna,,,,,,,,,,,,
főzni,kochen,főzök,főzöl,főz,főzünk,főztök,főznek,főzöm,főzöd,főzi,főzzük,főzitek,főzik,főztem,főztél,főzött,főztünk,főztetek,főztek,főztem,főzted,főzte,főztük,főztétek,főzték,fogok főzni,fogsz főzni,fog főzni,fogunk főzni,fogtok főzni,fognak főzni,fogom főzni,fogod főzni,fogja főzni,fogjuk főzni,fogjátok főzni,fogják főzni
jelenteni,bedeuten,jelentek,jelentesz,jelent,jelentünk,jelentetek,jelentenek,jelentem,jelented,jelenti,jelentjük,jelentitek,jelentik,jelentettem,jelentettél,jelentett,jelentettünk,jelentettetek,jelentettek,jelentettem,jelentetted,jelentette,jelentettük,jelentettétek,jelentették,fogok jelenteni,fogsz jelenteni,fog jelenteni,fogunk jelenteni,fogtok jelenteni,fognak jelenteni,fogom jelenteni,fogod jelenteni,fogja jelenteni,fogjuk jelenteni,fogjátok jelenteni,fogják jelenteni
összehasonlítani,vergleichen,összehasonlítok,összehasonlítasz,összehasonlít,összehasonlítunk,összehasonlítotok,összehasonlítanak,összehasonlítom,összehasonlítod,összehasonlítja,összehasonlítjuk,összehasonlítjátok,összehasonlítják,összehasonlítottam,összehasonlítottál,összehasonlított,összehasonlítottunk,összehasonlítottatok,összehasonlítottak,összehasonlítottam,összehasonlítottad,összehasonlította,összehasonlítottuk,összehasonlítottátok,összehasonlították,fogok összehasonlítani,fogsz összehasonlítani,fog összehasonlítani,fogunk összehasonlítani,fogtok összehasonlítani,fognak összehasonlítani,fogom összehasonlítani,fogod összehasonlítani,fogja összehasonlítani,fogjuk összehasonlítani,fogjátok összehasonlítani,fogják összehasonlítani
inni,trinken,iszom,iszol,iszik,iszunk,isztok,isznak,iszom,iszod,issza,isszuk,isszátok,isszák,ittam,ittál,ivott,ittunk,ittatok,ittak,ittam,ittad,itta,ittuk,ittátok,itták,fogok inni,fogsz inni,fog inni,fogunk inni,fogtok inni,fognak inni,fogom inni,fogod inni,fogja inni,fogjuk inni,fogjátok inni,fogják inni
szeretni,lieben,szeretek,szeretsz,szeret,szeretünk,szerettek,szeretnek,szeretem,szereted,szereti,szeretjük,szeretitek,szeretik,szerettem,szerettél,szeretett,szerettünk,szerettetek,szerettek,szerettem,szeretted,szerette,szerettük,szerettétek,szerették,fogok szeretni,fogsz szeretni,fog szeretni,fogunk szeretni,fogtok szeretni,fognak szeretni,fogom szeretni,fogod szeretni,fogja szeretni,fogjuk szeretni,fogjátok szeretni,fogják szeretni
gyűlölni,hassen,gyűlölök,gyűlölsz,gyűlöl,gyűlölünk,gyűlöltök,gyűlölnek,gyűlölöm,gyűlölöd,gyűlöli,gyűlöljük,gyűlölitek,gyűlölik,gyűlöltem,gyűlöltél,gyűlölt,gyűlöltünk,gyűlöltetek,gyűlöltek,gyűlöltem,gyűlölted,gyűlölte,gyűlöltük,gyűlöltétek,gyűlölték,fogok gyűlölni,fogsz gyűlölni,fog gyűlölni,fogunk gyűlölni,fogtok gyűlölni,fognak gyűlölni,fogom gyűlölni,fogod gyűlölni,fogja gyűlölni,fogjuk gyűlölni,fogjátok gyűlölni,fogják gyűlölni
hallani,hören ,hallok,hallasz,hall,hallunk,hallotok,hallanak,hallom,hallod,hallja,halljuk,halljátok,hallják,hallottam,hallottál,hallott,hallottunk,hallottatok,hallottak,hallottam,hallottad,hallotta,hallottuk,hallottátok,hallották,fogok hallani,fogsz hallani,fog hallani,fogunk hallani,fogtok hallani,fognak hallani,fogom hallani,fogod hallani,fogja hallani,fogjuk hallani,fogjátok hallani,fogják hallani
hallgatni,zuhören,hallgatok,hallgatsz,hallgat,hallgatunk,hallgattok,hallgatnak,hallgatom,hallgatod,hallgatja,hallgatjuk,hallgatjátok,hallgatják,hallgattam,hallgattál,hallgatott,hallgattunk,hallgattatok,hallgattak,hallgattam,hallgattad,hallgatta,hallgattuk,hallgattátok,hallgatták,fogok hallgatni,fogsz hallgatni,fog hallgatni,fogunk hallgatni,fogtok hallgatni,fognak hallgatni,fogom hallgatni,fogod hallgatni,fogja hallgatni,fogjuk hallgatni,fogjátok hallgatni,fogják hallgatni
táncolni,tanzen,táncolok,táncolsz,táncol,táncolunk,táncoltok,táncolnak,táncolom,táncolod,táncolja,táncoljuk,táncoljátok,táncolják,táncoltam,táncoltál,táncolt,táncoltunk,táncoltatok,táncoltak,táncoltam,táncoltad,táncolta,táncoltuk,táncoltátok,táncolták,fogok táncolni,fogsz táncolni,fog táncolni,fogunk táncolni,fogtok táncolni,fognak táncolni,fogom táncolni,fogod táncolni,fogja táncolni,fogjuk táncolni,fogjátok táncolni,fogják táncolni
énekelni,singen,éneklek,énekelsz,énekel,éneklünk,énekeltek,énekelnek,éneklem,énekled,énekli,énekeljük,éneklitek,éneklik,énekeltem,énekeltél,énekelt,énekeltünk,énekeltetek,énekeltek,énekeltem,énekelted,énekelte,énekeltük,énekeltétek,énekelték,fogok énekelni,fogsz énekelni,fog énekelni,fogunk énekelni,fogtok énekelni,fognak énekelni,fogom énekelni,fogod énekelni,fogja énekelni,fogjuk énekelni,fogjátok énekelni,fogják énekelni
ugrani,springen,ugrok,ugrasz,ugrik,ugrunk,ugrotok,ugranak,ugrom,ugrod,ugorja,ugorjuk,ugorjátok,ugorják,ugrottam,ugrottál,ugrott,ugrottunk,ugrottatok,ugrottak,ugrottam,ugrottad,ugrotta,ugrottuk,ugrottátok,ugrották,fogok ugrani,fogsz ugrani,fog ugrani,fogunk ugrani,fogtok ugrani,fognak ugrani,fogom ugrani,fogod ugrani,fogja ugrani,fogjuk ugrani,fogjátok ugrani,fogják ugrani
villogni,blinken,villogok,villogsz,villog,villogunk,villogtok,villognak,villogtam,villogtál,villogott,villogtunk,villogtatok,villogtak,villognék,villognál,villogna,villognánk,villognátok,villognának,villogtam volna,villogtál volna,villogott volna,villogtunk volna,villogtatok volna,villogtak volna,,,,,,,,,,,,
tankolni,tanken,tankolok,tankolsz,tankol,tankolunk,tankoltok,tankolnak,tankolom,tankolod,tankolja,tankoljuk,tankoljátok,tankolják,tankoltam,tankoltál,tankolt,tankoltunk,tankoltatok,tankoltak,tankoltam,tankoltad,tankolta,tankoltuk,tankoltátok,tankolták,fogok tankolni,fogsz tankolni,fog tankolni,fogunk tankolni,fogtok tankolni,fognak tankolni,fogom tankolni,fogod tankolni,fogja tankolni,fogjuk tankolni,fogjátok tankolni,fogják tankolni
esni,regnen,esem,esel,esik,esünk,estek,esnek,estem,estél,esett,estünk,estetek,estek,esnék,esnél,esne,esnénk,esnétek,esnének,estem volna,estél volna,esett volna,estünk volna,estetek volna,estek volna,,,,,,,,,,,,
havazni,schneien,havazom,havazol,havazik,havazunk,havaztok,havaznak,havaztam,havaztál,havazott,havaztunk,havaztatok,havaztak,havaznék,havaznál,havazna,havaznánk,havaznátok,havaznának,havaztam volna,havaztál volna,havazott volna,havaztunk volna,havaztatok volna,havaztak volna,,,,,,,,,,,,
örülni,freuen,örülök,örülsz,örül,örülünk,örültök,örülnek,örültem,örültél,örült,örültünk,örültetek,örültek,örülnék,örülnél,örülne,örülnénk,örülnétek,örülnének,örültem volna,örültél volna,örült volna,örültünk volna,örültetek volna,örültek volna,,,,,,,,,,,,
megköszönni,danke,megköszönök,megköszönsz,megköszön,megköszönünk,megköszöntök,megköszönnek,megköszönöm,megköszönöd,megköszöni,megköszönjük,megköszönitek,megköszönik,megköszöntem,megköszöntél,megköszönt,megköszöntünk,megköszöntetek,megköszöntek,megköszöntem,megköszönted,megköszönte,megköszöntük,megköszöntétek,megköszönték,fogok megköszönni,fogsz megköszönni,fog megköszönni,fogunk megköszönni,fogtok megköszönni,fognak megköszönni,fogom megköszönni,fogod megköszönni,fogja megköszönni,fogjuk megköszönni,fogjátok megköszönni,fogják megköszönni
meghalni,sterben,meghalok,meghalsz,meghal,meghalunk,meghaltok,meghalnak,meghaltam,meghaltál,meghalt,meghaltunk,meghaltatok,meghaltak,meghalnék,meghalnál,meghalna,meghalnánk,meghalnátok,meghalnának,meghaltam volna,meghaltál volna,meghalt volna,meghaltunk volna,meghaltatok volna,meghaltak volna,,,,,,,,,,,,
nevetni,lachen,nevetek,nevetsz,nevet,nevetünk,nevettek,nevetnek,nevetem,neveted,neveti,nevetjük,nevetitek,nevetik,nevettem,nevettél,nevetett,nevettünk,nevettetek,nevettek,nevettem,nevetted,nevette,nevettük,nevettétek,nevették,fogok nevetni,fogsz nevetni,fog nevetni,fogunk nevetni,fogtok nevetni,fognak nevetni,fogom nevetni,fogod nevetni,fogja nevetni,fogjuk nevetni,fogjátok nevetni,fogják nevetni
sírni,weinen,sírok,sírsz,sír,sírunk,sírtok,sírnak,sírtam,sírtál,sírt,sírtunk,sírtatok,sírtak,sírnék,sírnál,sírna,sírnánk,sírnátok,sírnának,sírtam volna,sírtál volna,sírt volna,sírtunk volna,sírtatok volna,sírtak volna,,,,,,,,,,,,
hazudni,lügen,hazudok,hazudsz,hazudik,hazudunk,hazudtok,hazudnak,hazudom,hazudod,hazudja,hazudjuk,hazudjátok,hazudják,hazudtam,hazudtál,hazudott,hazudtunk,hazudtatok,hazudtak,hazudtam,hazudtad,hazudta,hazudtuk,hazudtátok,hazudták,fogok hazudni,fogsz hazudni,fog hazudni,fogunk hazudni,fogtok hazudni,fognak hazudni,fogom hazudni,fogod hazudni,fogja hazudni,fogjuk hazudni,fogjátok hazudni,fogják hazudni
kiabálni,schreien,kiabálok,kiabálsz,kiabál,kiabálunk,kiabáltok,kiabálnak,kiabálom,kiabálod,kiabálja,kiabáljuk,kiabáljátok,kiabálják,kiabáltam,kiabáltál,kiabált,kiabáltunk,kiabáltatok,kiabáltak,kiabáltam,kiabáltad,kiabálta,kiabáltuk,kiabáltátok,kiabálták,fogok kiabálni,fogsz kiabálni,fog kiabálni,fogunk kiabálni,fogtok kiabálni,fognak kiabálni,fogom kiabálni,fogod kiabálni,fogja kiabálni,fogjuk kiabálni,fogjátok kiabálni,fogják kiabálni
súgni,flüstern,súgok,súgsz,súg,súgunk,súgtok,súgnak,súgom,súgod,súgja,súgjuk,súgjátok,súgják,súgtam,súgtál,súgott,súgtunk,súgtatok,súgtak,súgtam,súgtad,súgta,súgtuk,súgtátok,súgták,fogok súgni,fogsz súgni,fog súgni,fogunk súgni,fogtok súgni,fognak súgni,fogom súgni,fogod súgni,fogja súgni,fogjuk súgni,fogjátok súgni,fogják súgni
választani,wählen,választok,választasz,választ,választunk,választotok,választanak,választom,választod,választja,választjuk,választjátok,választják,választottam,választottál,választott,választottunk,választottatok,választottak,választottam,választottad,választotta,választottuk,választottátok,választották,fogok választani,fogsz választani,fog választani,fogunk választani,fogtok választani,fognak választani,fogom választani,fogod választani,fogja választani,fogjuk választani,fogjátok választani,fogják választani
remélni,hoffen,remélek,remélsz,remél,remélünk,reméltek,remélnek,remélem,reméled,reméli,reméljük,remélitek,remélik,reméltem,reméltél,remélt,reméltünk,reméltetek,reméltek,reméltem,remélted,remélte,reméltük,reméltétek,remélték,fogok remélni,fogsz remélni,fog remélni,fogunk remélni,fogtok remélni,fognak remélni,fogom remélni,fogod remélni,fogja remélni,fogjuk remélni,fogjátok remélni,fogják remélni
megállítani,anhalten,megállítok,megállítasz,megállít,megállítunk,megállítotok,megállítanak,megállítom,megállítod,megállítja,megállítjuk,megállítjátok,megállítják,megállítottam,megállítottál,megállított,megállítottunk,megállítottatok,megállítottak,megállítottam,megállítottad,megállította,megállítottuk,megállítottátok,megállították,fogok megállítani,fogsz megállítani,fog megállítani,fogunk megállítani,fogtok megállítani,fognak megállítani,fogom megállítani,fogod megállítani,fogja megállítani,fogjuk megállítani,fogjátok megállítani,fogják megállítani
értesíteni,mitteilen,értesítek,értesítesz,értesít,értesítünk,értesítetek,értesítenek,értesítem,értesíted,értesíti,értesítjük,értesítitek,értesítik,értesítettem,értesítettél,értesített,értesítettünk,értesítettetek,értesítettek,értesítettem,értesítetted,értesítette,értesítettük,értesítettétek,értesítették,fogok értesíteni,fogsz értesíteni,fog értesíteni,fogunk értesíteni,fogtok értesíteni,fognak értesíteni,fogom értesíteni,fogod értesíteni,fogja értesíteni,fogjuk értesíteni,fogjátok értesíteni,fogják értesíteni
beszámolni,berichten,beszámolok,beszámolsz,beszámol,beszámolunk,beszámoltok,beszámolnak,beszámoltam,beszámoltál,beszámolt,beszámoltunk,beszámoltatok,beszámoltak,beszámolnék,beszámolnál,beszámolna,beszámolnánk,beszámolnátok,beszámolnának,beszámoltam volna,beszámoltál volna,beszámolt volna,beszámoltunk volna,beszámoltatok volna,beszámoltak volna,,,,,,,,,,,,
szorítani,drücken,szorítok,szorítasz,szorít,szorítunk,szorítotok,szorítanak,szorítom,szorítod,szorítja,szorítjuk,szorítjátok,szorítják,szorítottam,szorítottál,szorított,szorítottunk,szorítottatok,szorítottak,szorítottam,szorítottad,szorította,szorítottuk,szorítottátok,szorították,fogok szorítani,fogsz szorítani,fog szorítani,fogunk szorítani,fogtok szorítani,fognak szorítani,fogom szorítani,fogod szorítani,fogja szorítani,fogjuk szorítani,fogjátok szorítani,fogják szorítani
szaladni,rennen,szaladok,szaladsz,szalad,szaladunk,szaladtok,szaladnak,szaladtam,szaladtál,szaladt,szaladtunk,szaladtatok,szaladtak,szaladnék,szaladnál,szaladna,szaladnánk,szaladnátok,szaladnának,szaladtam volna,szaladtál volna,szaladt volna,szaladtunk volna,szaladtatok volna,szaladtak volna,,,,,,,,,,,,
repülni,fliegen,repülök,repülsz,repül,repülünk,repültök,repülnek,repültem,repültél,repült,repültünk,repültetek,repültek,repülnék,repülnél,repülne,repülnénk,repülnétek,repülnének,repültem volna,repültél volna,repült volna,repültünk volna,repültetek volna,repültek volna,,,,,,,,,,,,
úszni,schwimmen,úszom,úszol,úszik,úszunk,úsztok,úsznak,úsztam,úsztál,úszott,úsztunk,úsztatok,úsztak,úsznék,úsznál,úszna,úsznánk,úsznátok,úsznának,úsztam volna,úsztál volna,úszott volna,úsztunk volna,úsztatok volna,úsztak volna,,,,,,,,,,,,
fordítani,übersetzen,fordítok,fordítasz,fordít,fordítunk,fordítotok,fordítanak,fordítom,fordítod,fordítja,fordítjuk,fordítjátok,fordítják,fordítottam,fordítottál,fordított,fordítottunk,fordítottatok,fordítottak,fordítottam,fordítottad,fordította,fordítottuk,fordítottátok,fordították,fogok fordítani,fogsz fordítani,fog fordítani,fogunk fordítani,fogtok fordítani,fognak fordítani,fogom fordítani,fogod fordítani,fogja fordítani,fogjuk fordítani,fogjátok fordítani,fogják fordítani
jegyezni,notieren,jegyzek,jegyzel,jegyez,jegyzünk,jegyeztek,jegyeznek,jegyzem,jegyzed,jegyzi,jegyezzük,jegyzitek,jegyzik,jegyeztem,jegyeztél,jegyzett,jegyeztünk,jegyeztetek,jegyeztek,jegyeztem,jegyezted,jegyezte,jegyeztük,jegyeztétek,jegyezték,fogok jegyezni,fogsz jegyezni,fog jegyezni,fogunk jegyezni,fogtok jegyezni,fognak jegyezni,fogom jegyezni,fogod jegyezni,fogja jegyezni,fogjuk jegyezni,fogjátok jegyezni,fogják jegyezni
tanácsolni,raten,tanácsolok,tanácsolsz,tanácsol,tanácsolunk,tanácsoltok,tanácsolnak,tanácsolom,tanácsolod,tanácsolja,tanácsoljuk,tanácsoljátok,tanácsolják,tanácsoltam,tanácsoltál,tanácsolt,tanácsoltunk,tanácsoltatok,tanácsoltak,tanácsoltam,tanácsoltad,tanácsolta,tanácsoltuk,tanácsoltátok,tanácsolták,fogok tanácsolni,fogsz tanácsolni,fog tanácsolni,fogunk tanácsolni,fogtok tanácsolni,fognak tanácsolni,fogom tanácsolni,fogod tanácsolni,fogja tanácsolni,fogjuk tanácsolni,fogjátok tanácsolni,fogják tanácsolni
foglalkozni,beschäftigen sich,foglalkozom,foglalkozol,foglalkozik,foglalkozunk,foglalkoztok,foglalkoznak,foglalkoztam,foglalkoztál,foglalkozott,foglalkoztunk,foglalkoztatok,foglalkoztak,foglalkoznék,foglalkoznál,foglalkozna,foglalkoznánk,foglalkoznátok,foglalkoznának,foglalkoztam volna,foglalkoztál volna,foglalkozott volna,foglalkoztunk volna,foglalkoztatok volna,foglalkoztak volna,,,,,,,,,,,,
feltalálni,erfinden,feltalálok,feltalálsz,feltalál,feltalálunk,feltaláltok,feltalálnak,feltalálom,feltalálod,feltalálja,feltaláljuk,feltaláljátok,feltalálják,feltaláltam,feltaláltál,feltalált,feltaláltunk,feltaláltatok,feltaláltak,feltaláltam,feltaláltad,feltalálta,feltaláltuk,feltaláltátok,feltalálták,fogok feltalálni,fogsz feltalálni,fog feltalálni,fogunk feltalálni,fogtok feltalálni,fognak feltalálni,fogom feltalálni,fogod feltalálni,fogja feltalálni,fogjuk feltalálni,fogjátok feltalálni,fogják feltalálni
rendelni,bestellen,rendelek,rendelsz,rendel,rendelünk,rendeltek,rendelnek,rendelem,rendeled,rendeli,rendeljük,rendelitek,rendelik,rendeltem,rendeltél,rendelt,rendeltünk,rendeltetek,rendeltek,rendeltem,rendelted,rendelte,rendeltük,rendeltétek,rendelték,fogok rendelni,fogsz rendelni,fog rendelni,fogunk rendelni,fogtok rendelni,fognak rendelni,fogom rendelni,fogod rendelni,fogja rendelni,fogjuk rendelni,fogjátok rendelni,fogják rendelni
szállítani,liefern,szállítok,szállítasz,szállít,szállítunk,szállítotok,szállítanak,szállítom,szállítod,szállítja,szállítjuk,szállítjátok,szállítják,szállítottam,szállítottál,szállított,szállítottunk,szállítottatok,szállítottak,szállítottam,szállítottad,szállította,szállítottuk,szállítottátok,szállították,fogok szállítani,fogsz szállítani,fog szállítani,fogunk szállítani,fogtok szállítani,fognak szállítani,fogom szállítani,fogod szállítani,fogja szállítani,fogjuk szállítani,fogjátok szállítani,fogják szállítani
tekinteni,betrachten,tekintek,tekintesz,tekint,tekintünk,tekintetek,tekintenek,tekintem,tekinted,tekinti,tekintjük,tekintitek,tekintik,tekintettem,tekintettél,tekintett,tekintettünk,tekintettetek,tekintettek,tekintettem,tekintetted,tekintette,tekintettük,tekintettétek,tekintették,fogok tekinteni,fogsz tekinteni,fog tekinteni,fogunk tekinteni,fogtok tekinteni,fognak tekinteni,fogom tekinteni,fogod tekinteni,fogja tekinteni,fogjuk tekinteni,fogjátok tekinteni,fogják tekinteni
meglenni,da sein,megvagyok,megvagy,megvan,megvagyunk,megvagytok,megvannak,megvoltam,megvoltál,megvolt,megvoltunk,megvoltatok,megvoltak,meglennék,meglennél,meglenne,meglennénk,meglennétek,meglennének,meglettem volna,meglettél volna,meglett volna,meglettünk volna,meglettetek volna,meglettek volna,,,,,,,,,,,,
tapasztalni,erfahren,tapasztalok,tapasztalsz,tapasztal,tapasztalunk,tapasztaltok,tapasztalnak,tapasztalom,tapasztalod,tapasztalja,tapasztaljuk,tapasztaljátok,tapasztalják,tapasztaltam,tapasztaltál,tapasztalt,tapasztaltunk,tapasztaltatok,tapasztaltak,tapasztaltam,tapasztaltad,tapasztalta,tapasztaltuk,tapasztaltátok,tapasztalták,fogok tapasztalni,fogsz tapasztalni,fog tapasztalni,fogunk tapasztalni,fogtok tapasztalni,fognak tapasztalni,fogom tapasztalni,fogod tapasztalni,fogja tapasztalni,fogjuk tapasztalni,fogjátok tapasztalni,fogják tapasztalni
ütni,schlagen,ütök,ütsz,üt,ütünk,üttök,ütnek,ütöm,ütöd,üti,ütjük,ütitek,ütik,ütöttem,ütöttél,ütött,ütöttünk,ütöttetek,ütöttek,ütöttem,ütötted,ütötte,ütöttük,ütöttétek,ütötték,fogok ütni,fogsz ütni,fog ütni,fogunk ütni,fogtok ütni,fognak ütni,fogom ütni,fogod ütni,fogja ütni,fogjuk ütni,fogjátok ütni,fogják ütni
verni,schlagen,verek,versz,ver,verünk,vertek,vernek,verem,vered,veri,verjük,veritek,verik,vertem,vertél,vert,vertünk,vertetek,vertek,vertem,verted,verte,vertük,vertétek,verték,fogok verni,fogsz verni,fog verni,fogunk verni,fogtok verni,fognak verni,fogom verni,fogod verni,fogja verni,fogjuk verni,fogjátok verni,fogják verni
függeni,hängen,függök,függesz,függ,függünk,függötök,függenek,függöttem,függöttél,függött,függöttünk,függöttetek,függöttek,függenék,függenél,függene,függenénk,függenétek,függenének,függöttem volna,függöttél volna,függött volna,függöttünk volna,függöttetek volna,függöttek volna,,,,,,,,,,,,
égni,brennen,égek,égsz,ég,égünk,égtek,égnek,égtem,égtél,égett,égtünk,égtetek,égtek,égnék,égnél,égne,égnénk,égnétek,égnének,égtem volna,égtél volna,égett volna,égtünk volna,égtetek volna,égtek volna,,,,,,,,,,,,
küldeni,schicken,küldök,küldesz,küld,küldünk,küldötök,küldenek,küldöm,küldöd,küldi,küldjük,külditek,küldik,küldtem,küldtél,küldött,küldtünk,küldtetek,küldtek,küldtem,küldted,küldte,küldtük,küldtétek,küldték,fogok küldeni,fogsz küldeni,fog küldeni,fogunk küldeni,fogtok küldeni,fognak küldeni,fogom küldeni,fogod küldeni,fogja küldeni,fogjuk küldeni,fogjátok küldeni,fogják küldeni
fizetni,bezahlen,fizetek,fizetsz,fizet,fizetünk,fizettek,fizetnek,fizetem,fizeted,fizeti,fizetjük,fizetitek,fizetik,fizettem,fizettél,fizetett,fizettünk,fizettetek,fizettek,fizettem,fizetted,fizette,fizettük,fizettétek,fizették,fogok fizetni,fogsz fizetni,fog fizetni,fogunk fizetni,fogtok fizetni,fognak fizetni,fogom fizetni,fogod fizetni,fogja fizetni,fogjuk fizetni,fogjátok fizetni,fogják fizetni
számolni,zählen,számolok,számolsz,számol,számolunk,számoltok,számolnak,számolom,számolod,számolja,számoljuk,számoljátok,számolják,számoltam,számoltál,számolt,számoltunk,számoltatok,számoltak,számoltam,számoltad,számolta,számoltuk,számoltátok,számolták,fogok számolni,fogsz számolni,fog számolni,fogunk számolni,fogtok számolni,fognak számolni,fogom számolni,fogod számolni,fogja számolni,fogjuk számolni,fogjátok számolni,fogják számolni
lélegezni,atmen,lélegzem,lélegzel,lélegzik,lélegzünk,lélegeztek,lélegeznek,lélegzem,lélegzed,lélegzi,lélegezzük,lélegzitek,lélegzik,lélegeztem,lélegeztél,lélegzett,lélegeztünk,lélegeztetek,lélegeztek,lélegeztem,lélegezted,lélegezte,lélegeztük,lélegeztétek,lélegezték,fogok lélegezni,fogsz lélegezni,fog lélegezni,fogunk lélegezni,fogtok lélegezni,fognak lélegezni,fogom lélegezni,fogod lélegezni,fogja lélegezni,fogjuk lélegezni,fogjátok lélegezni,fogják lélegezni
tetszeni,gefallen,tetszem,tetszel,tetszik,tetszünk,tetszetek,tetszenek,tetszettem,tetszettél,tetszett,tetszettünk,tetszettetek,tetszettek,tetszenék,tetszenél,tetszene,tetszenénk,tetszenétek,tetszenének,tetszettem volna,tetszettél volna,tetszett volna,tetszettünk volna,tetszettetek volna,tetszettek volna,,,,,,,,,,,,
felhívni,anrufen,felhívok,felhívsz,felhív,felhívunk,felhívtok,felhívnak,felhívom,felhívod,felhívja,felhívjuk,felhívjátok,felhívják,felhívtam,felhívtál,felhívott,felhívtunk,felhívtatok,felhívtak,felhívtam,felhívtad,felhívta,felhívtuk,felhívtátok,felhívták,fogok felhívni,fogsz felhívni,fog felhívni,fogunk felhívni,fogtok felhívni,fognak felhívni,fogom felhívni,fogod felhívni,fogja felhívni,fogjuk felhívni,fogjátok felhívni,fogják felhívni
osztani,teilen,osztok,osztasz,oszt,osztunk,osztotok,osztanak,osztom,osztod,osztja,osztjuk,osztjátok,osztják,osztottam,osztottál,osztott,osztottunk,osztottatok,osztottak,osztottam,osztottad,osztotta,osztottuk,osztottátok,osztották,fogok osztani,fogsz osztani,fog osztani,fogunk osztani,fogtok osztani,fognak osztani,fogom osztani,fogod osztani,fogja osztani,fogjuk osztani,fogjátok osztani,fogják osztani
küzdeni,kämpfen,küzdök,küzdesz,küzd,küzdünk,küzdötök,küzdenek,küzdöm,küzdöd,küzdi,küzdjük,küzditek,küzdik,küzdtem,küzdtél,küzdött,küzdtünk,küzdtetek,küzdtek,küzdtem,küzdted,küzdte,küzdtük,küzdtétek,küzdték,fogok küzdeni,fogsz küzdeni,fog küzdeni,fogunk küzdeni,fogtok küzdeni,fognak küzdeni,fogom küzdeni,fogod küzdeni,fogja küzdeni,fogjuk küzdeni,fogjátok küzdeni,fogják küzdeni
nyitni,öffnen,nyitok,nyitsz,nyit,nyitunk,nyittok,nyitnak,nyitom,nyitod,nyitja,nyitjuk,nyitjátok,nyitják,nyitottam,nyitottál,nyitott,nyitottunk,nyitottatok,nyitottak,nyitottam,nyitottad,nyitotta,nyitottuk,nyitottátok,nyitották,fogok nyitni,fogsz nyitni,fog nyitni,fogunk nyitni,fogtok nyitni,fognak nyitni,fogom nyitni,fogod nyitni,fogja nyitni,fogjuk nyitni,fogjátok nyitni,fogják nyitni
bízni,vertrauen,bízom,bízol,bízik,bízunk,bíztok,bíznak,bíztam,bíztál,bízott,bíztunk,bíztatok,bíztak,bíznék,bíznál,bízna,bíznánk,bíznátok,bíznának,bíztam volna,bíztál volna,bízott volna,bíztunk volna,bíztatok volna,bíztak volna,,,,,,,,,,,,